iso_code,country_slug,n_behavior,mask_compliance_outside_overall,mask_compliance_outside_n_overall,mask_refusal_outside_overall,mask_refusal_outside_n_overall,mask_days_ratio_overall,mask_days_ratio_n_overall,vaccine_intent_overall,vaccine_intent_n_overall,vaccine_refusal_overall,vaccine_refusal_n_overall,vaccine_side_effect_worry_overall,vaccine_side_effect_worry_n_overall,health_authority_vaccine_trust_overall,health_authority_vaccine_trust_n_overall,government_control_belief_overall,government_control_belief_n_overall,government_handling_good_overall,government_handling_good_n_overall,avoid_others_compliance_overall,avoid_others_compliance_n_overall,n_behavior_phase_acute_2020,n_behavior_phase_early_recovery_2022,n_behavior_phase_vaccine_rollout_2021,mask_compliance_outside_acute_2020,mask_compliance_outside_early_recovery_2022,mask_compliance_outside_vaccine_rollout_2021,mask_compliance_outside_n_acute_2020,mask_compliance_outside_n_early_recovery_2022,mask_compliance_outside_n_vaccine_rollout_2021,mask_refusal_outside_acute_2020,mask_refusal_outside_early_recovery_2022,mask_refusal_outside_vaccine_rollout_2021,mask_refusal_outside_n_acute_2020,mask_refusal_outside_n_early_recovery_2022,mask_refusal_outside_n_vaccine_rollout_2021,mask_days_ratio_acute_2020,mask_days_ratio_early_recovery_2022,mask_days_ratio_vaccine_rollout_2021,mask_days_ratio_n_acute_2020,mask_days_ratio_n_early_recovery_2022,mask_days_ratio_n_vaccine_rollout_2021,vaccine_intent_acute_2020,vaccine_intent_early_recovery_2022,vaccine_intent_vaccine_rollout_2021,vaccine_intent_n_acute_2020,vaccine_intent_n_early_recovery_2022,vaccine_intent_n_vaccine_rollout_2021,vaccine_refusal_acute_2020,vaccine_refusal_early_recovery_2022,vaccine_refusal_vaccine_rollout_2021,vaccine_refusal_n_acute_2020,vaccine_refusal_n_early_recovery_2022,vaccine_refusal_n_vaccine_rollout_2021,vaccine_side_effect_worry_acute_2020,vaccine_side_effect_worry_early_recovery_2022,vaccine_side_effect_worry_vaccine_rollout_2021,vaccine_side_effect_worry_n_acute_2020,vaccine_side_effect_worry_n_early_recovery_2022,vaccine_side_effect_worry_n_vaccine_rollout_2021,health_authority_vaccine_trust_acute_2020,health_authority_vaccine_trust_early_recovery_2022,health_authority_vaccine_trust_vaccine_rollout_2021,health_authority_vaccine_trust_n_acute_2020,health_authority_vaccine_trust_n_early_recovery_2022,health_authority_vaccine_trust_n_vaccine_rollout_2021,government_control_belief_acute_2020,government_control_belief_early_recovery_2022,government_control_belief_vaccine_rollout_2021,government_control_belief_n_acute_2020,government_control_belief_n_early_recovery_2022,government_control_belief_n_vaccine_rollout_2021,government_handling_good_acute_2020,government_handling_good_early_recovery_2022,government_handling_good_vaccine_rollout_2021,government_handling_good_n_acute_2020,government_handling_good_n_early_recovery_2022,government_handling_good_n_vaccine_rollout_2021,avoid_others_compliance_acute_2020,avoid_others_compliance_early_recovery_2022,avoid_others_compliance_vaccine_rollout_2021,avoid_others_compliance_n_acute_2020,avoid_others_compliance_n_early_recovery_2022,avoid_others_compliance_n_vaccine_rollout_2021
AUS,australia,53833,0.5526854213381946,53833,0.38293694839322534,53833,0.22303750677145634,3719,0.5626723326836457,17607,0.32696306236537703,17607,0.5481039306322085,34759,0.6356722549605786,34759,0.19217621976722263,5589,0.7036952169763309,44945,0.568583108457323,12877,21190.0,6132.0,26511.0,0.37793033347001154,0.8157096336707641,0.6311994757730729,21190.0,6132.0,26511.0,0.562844783870418,0.10508901901316198,0.303754038223116,21190.0,6132.0,26511.0,0.22303750677145634,,,3719.0,0.0,0.0,0.6188315186128633,0.23304967523324963,0.5649910070601708,2116.0,472.0,15019.0,0.2589000342000508,0.7004986289385856,0.32495562058356875,2116.0,472.0,15019.0,0.5976009184958053,0.49906405355352457,0.555585763657373,2116.0,6132.0,26511.0,0.6679781556840001,0.6299336280042934,0.634437627796063,2116.0,6132.0,26511.0,,0.4304067940829765,0.17064505077858283,0.0,472.0,5117.0,0.8243704099950248,0.5257485737463092,0.6794742663285452,13704.0,5824.0,25417.0,,0.5708144671426423,0.5665317747429873,0.0,6132.0,6745.0
BRA,brazil,10308,0.9167095839996453,10308,0.05186802527354778,10308,0.9842459076295905,2336,,0,,0,,0,,0,,0,0.45342363009544917,7233,,0,10308.0,,,0.9167095839996453,,,10308.0,,,0.05186802527354778,,,10308.0,,,0.9842459076295905,,,2336.0,,,,,,0.0,,,,,,0.0,,,,,,0.0,,,,,,0.0,,,,,,0.0,,,0.45342363009544917,,,7233.0,,,,,,0.0,,
CAN,canada,48372,0.8312908407543977,48372,0.12221384989045099,48372,0.6257778152627392,3606,0.5336664176085396,13111,0.3821058278192386,13111,0.5168225097978184,33526,0.6403244353689154,33526,0.39315733352827353,2683,0.6553674273902077,43298,0.6255627400802064,12413,16809.0,6492.0,25071.0,0.7225091649423367,0.8762599366289874,0.8925828121209893,16809.0,6492.0,25071.0,0.2167470986004237,0.08078523283405954,0.0695590190772079,16809.0,6492.0,25071.0,0.6257778152627392,,,3606.0,0.0,0.0,0.5657585136587583,0.18107674513558109,0.549449091819221,1963.0,648.0,10500.0,0.3317450598196128,0.7606069967432862,0.3680993690928964,1963.0,648.0,10500.0,0.6208795616908381,0.4841810853510674,0.5171337863964887,1963.0,6492.0,25071.0,0.6333610778508157,0.6194965919424563,0.6462680882395989,1963.0,6492.0,25071.0,,0.49464203930177747,0.3616570813833293,0.0,648.0,2035.0,0.7533717669970421,0.563535060139266,0.6249365019159433,13218.0,6188.0,23892.0,,0.6284413340902235,0.6224015956610164,0.0,6492.0,5921.0
CHN,china,15985,0.8690102950129163,15985,0.04549291753634076,15985,0.8920219260769209,2584,,0,,0,,0,,0,,0,,0,,0,15985.0,,,0.8690102950129163,,,15985.0,,,0.04549291753634076,,,15985.0,,,0.8920219260769209,,,2584.0,,,,,,0.0,,,,,,0.0,,,,,,0.0,,,,,,0.0,,,,,,0.0,,,,,,0.0,,,,,,0.0,,
DNK,denmark,50248,0.4379068948191647,50248,0.4809967135679737,50248,0.059704433183944854,3902,0.6446275519925376,13959,0.27880133131915597,13959,0.45926148475110057,35201,0.7020650050965416,35201,0.17478247428182553,2600,0.7576125164377975,44762,0.3849192660155576,13060,17054.0,6058.0,27136.0,0.28196391538480386,0.4400413565389094,0.5354333746974926,17054.0,6058.0,27136.0,0.6477602339670577,0.47895650254229966,0.3766489851894761,17054.0,6058.0,27136.0,0.059704433183944854,,,3902.0,0.0,0.0,0.6240271764670685,0.13631004245427933,0.663814770971879,2007.0,355.0,11597.0,0.27469869338832636,0.791621875148438,0.26374599841239493,2007.0,355.0,11597.0,0.5612811036197723,0.4055638020211241,0.46370286587678294,2007.0,6058.0,27136.0,0.7105479325677443,0.6746481668771566,0.7075577574381365,2007.0,6058.0,27136.0,,0.3020391166590538,0.1545286191826216,0.0,355.0,2245.0,0.7962681505337272,0.7349836145278795,0.7424993741208744,13377.0,5709.0,25676.0,,0.37427959649352766,0.39412324896752327,0.0,6058.0,7002.0
FIN,finland,19076,0.3059398165387659,19076,0.6387021455640901,19076,0.0661234745872222,3919,0.5882003519133805,4014,0.3066854119834247,4014,0.6032591128814109,4014,0.6238928997043798,4014,,0,0.7528872580890829,15156,,0,17063.0,,2013.0,0.25351009834712945,,0.7503552569284598,17063.0,,2013.0,0.6939140817036344,,0.17070350356228464,17063.0,,2013.0,0.0661234745872222,,,3919.0,,0.0,0.5286355209869895,,0.6474101018788266,2001.0,,2013.0,0.35577759326231606,,0.25788588156297243,2001.0,,2013.0,0.6330664924901682,,0.5736294225706862,2001.0,,2013.0,0.6111147659364209,,0.6365948597982626,2001.0,,2013.0,,,,0.0,,0.0,0.7601198212832081,,0.7022678288127124,13261.0,,1895.0,,,,0.0,,0.0
FRA,france,54578,0.8479949294038753,54549,0.09766337668078676,54549,0.8122061144772998,3433,0.3751255719109947,15991,0.5504563927092666,15991,0.6087999443351211,35325,0.5418910184942201,35325,0.2966939000127232,4425,0.4033790238840636,43616,0.5334839697071874,13107,21253.0,6279.0,27046.0,0.765480315966598,0.8663761264929057,0.908494143632402,21224.0,6279.0,27046.0,0.17377935984212925,0.07249705976152769,0.04376581244225295,21224.0,6279.0,27046.0,0.8122061144772998,,,3433.0,0.0,0.0,0.32166985834869927,0.1357500473951916,0.39998701876227105,2000.0,914.0,13077.0,0.6030852944684355,0.8207163754178102,0.5235705042806668,2000.0,914.0,13077.0,0.7312496836947844,0.5839370356482001,0.6055258622468577,2000.0,6279.0,27046.0,0.5169204182895696,0.5172302875834099,0.5494757300860991,2000.0,6279.0,27046.0,,0.37515827690002984,0.2762621040671277,0.0,914.0,3511.0,0.3916489741171052,0.4478422178562514,0.39927288374019393,13082.0,5736.0,24798.0,,0.5255908669627284,0.540766570416121,0.0,6279.0,6828.0
DEU,germany,54513,0.8000413809130875,54483,0.12253837278049615,54483,0.8421725609833862,3808,0.5079880130126097,16120,0.3990104642177484,16120,0.5301873672565713,35334,0.6403402846023559,35334,0.2713279125716948,4418,0.502732034448135,44418,0.5820393891513126,13125,21220.0,6183.0,27110.0,0.7365693849149908,0.8335601698715025,0.8420104789474574,21190.0,6183.0,27110.0,0.18993870744085425,0.08129322893333735,0.07926192978373953,21190.0,6183.0,27110.0,0.8421725609833862,,,3808.0,0.0,0.0,0.5017551263831446,0.15039964580445203,0.5305079819398357,2041.0,804.0,13275.0,0.37733930537806104,0.788537799920218,0.3788570577115161,2041.0,804.0,13275.0,0.6379383069161498,0.47562424201338105,0.5345291627435277,2041.0,6183.0,27110.0,0.6472493555290801,0.6220501878525485,0.643995166196277,2041.0,6183.0,27110.0,,0.3501063358285537,0.25389905516535194,0.0,804.0,3614.0,0.6835388422104959,0.39574076080104165,0.4324641545668816,13260.0,5717.0,25441.0,,0.5811975173945394,0.5827902355381797,0.0,6183.0,6942.0
HKG,hong-kong,7042,0.931994947164279,7042,0.01544551833044753,7042,0.9851971980923981,1726,,0,,0,,0,,0,,0,,0,,0,7042.0,,,0.931994947164279,,,7042.0,,,0.01544551833044753,,,7042.0,,,0.9851971980923981,,,1726.0,,,,,,0.0,,,,,,0.0,,,,,,0.0,,,,,,0.0,,,,,,0.0,,,,,,0.0,,,,,,0.0,,
IND,india,16145,0.9132560813348797,16145,0.0502579254393803,16145,0.9584994943129195,2481,,0,,0,,0,,0,,0,0.7358551945251254,8682,,0,16145.0,,,0.9132560813348797,,,16145.0,,,0.0502579254393803,,,16145.0,,,0.9584994943129195,,,2481.0,,,,,,0.0,,,,,,0.0,,,,,,0.0,,,,,,0.0,,,,,,0.0,,,0.7358551945251254,,,8682.0,,,,,,0.0,,
IDN,indonesia,12141,0.9259068260338574,12141,0.02157327699138181,12141,0.941308707414442,3065,,0,,0,,0,,0,,0,0.6698829777336243,6624,,0,12141.0,,,0.9259068260338574,,,12141.0,,,0.02157327699138181,,,12141.0,,,0.941308707414442,,,3065.0,,,,,,0.0,,,,,,0.0,,,,,,0.0,,,,,,0.0,,,,,,0.0,,,0.6698829777336243,,,6624.0,,,,,,0.0,,
ISR,israel,15318,0.8983403879365679,15318,0.04846054834200439,15318,,0,0.43911647102379064,2440,0.5010741895788741,2440,0.5244087755768294,15318,0.6232687841710154,15318,0.3023182554012875,957,0.46182340281378564,13839,0.3946786779372897,6358,,2883.0,12435.0,,0.8995111581277725,0.8980688797763022,,2883.0,12435.0,,0.040206356917810854,0.05037474153286277,,2883.0,12435.0,,,,,0.0,0.0,,0.14286180746744345,0.4665892390066087,,206.0,2234.0,,0.8135971491433608,0.47209280358362615,,206.0,2234.0,,0.5356006927239911,0.5218133073480513,,2883.0,12435.0,,0.5458404344412133,0.6412248518480705,,2883.0,12435.0,,0.3044890961102439,0.3017235919495093,,206.0,751.0,,0.3812384286223933,0.4804658208487578,,2600.0,11239.0,,0.40790498214458687,0.38370138473833537,,2883.0,3475.0
ITA,italy,54270,0.9410651695995778,54270,0.025638410274629517,54270,0.9628566745660806,3623,0.5633348232304962,15311,0.349424517481809,15311,0.5384561824162271,35209,0.6040323816705803,35209,0.21612220948071,3565,0.5871027322076472,44184,0.6090117280912383,13136,21070.0,6065.0,27135.0,0.9357745008165025,0.9384397516043802,0.9457601208051492,21070.0,6065.0,27135.0,0.030667013565394658,0.024469674699667418,0.021994988460266752,21070.0,6065.0,27135.0,0.9628566745660806,,,3623.0,0.0,0.0,0.5174077351495586,0.18834439302983796,0.5852514368274894,2009.0,499.0,12803.0,0.3659164429816763,0.7739477802577869,0.33019970802787746,2009.0,499.0,12803.0,0.6140338263206362,0.5104837782279225,0.539112793351832,2009.0,6065.0,27135.0,0.583567736096925,0.5920956817150931,0.60821552201534,2009.0,6065.0,27135.0,,0.3478541458431974,0.19448587903733655,0.0,499.0,3066.0,0.6045017577807736,0.5873624853735366,0.5780935523327903,13067.0,5713.0,25404.0,,0.6056090941816492,0.6119302650254608,0.0,6065.0,7071.0
JPN,japan,25997,0.9177405904024681,25997,0.04273825004688384,25997,,0,0.5772718519380312,9958,0.2725116799437634,9958,0.6673697526385142,17616,0.6180234498780007,17616,0.07963148742897926,3540,0.23943915898272375,20694,0.6155883951911493,6529,9385.0,3012.0,13600.0,0.8852372059635316,0.9397511323447353,0.9352956279493349,9385.0,3012.0,13600.0,0.06046631094378809,0.03388683746259569,0.03246491204555664,9385.0,3012.0,13600.0,,,,0.0,0.0,0.0,0.505360688100151,0.2474321252188128,0.6024956288013826,1004.0,432.0,8522.0,0.3208366776216425,0.6629083422142474,0.2469876524215464,1004.0,432.0,8522.0,0.7295459182908434,0.6331867594861189,0.6703502162456219,1004.0,3012.0,13600.0,0.5838108723173795,0.6139811683436636,0.6214443895731995,1004.0,3012.0,13600.0,,0.13969861674746975,0.0712787245122108,0.0,432.0,3108.0,0.24125959382655857,0.31959001353335365,0.22164895139149993,5745.0,2609.0,12340.0,,0.6107294969158833,0.6197496125936939,0.0,3012.0,3517.0
MYS,malaysia,12133,0.9283407981788498,12133,0.02264373801098792,12133,0.9491057863365894,3309,,0,,0,,0,,0,,0,0.9479442836543237,8881,,0,12133.0,,,0.9283407981788498,,,12133.0,,,0.02264373801098792,,,12133.0,,,0.9491057863365894,,,3309.0,,,,,,0.0,,,,,,0.0,,,,,,0.0,,,,,,0.0,,,,,,0.0,,,0.9479442836543237,,,8881.0,,,,,,0.0,,
MEX,mexico,12012,0.9078835170903802,12012,0.05480775837458311,12012,0.9091148745376939,3565,,0,,0,,0,,0,,0,0.4181693222158479,8242,,0,12012.0,,,0.9078835170903802,,,12012.0,,,0.05480775837458311,,,12012.0,,,0.9091148745376939,,,3565.0,,,,,,0.0,,,,,,0.0,,,,,,0.0,,,,,,0.0,,,,,,0.0,,,0.4181693222158479,,,8242.0,,,,,,0.0,,
NLD,netherlands,19315,0.5460070685931028,19315,0.3734521811443882,19315,,0,0.5272249018526803,4119,0.3801238988486792,4119,0.4775319577609734,10948,0.6125688607431322,10948,0.34850545414664064,1087,0.5811347039180267,15352,0.4963545399859784,6443,9378.0,3265.0,6672.0,0.3869217260260156,0.7457404176143382,0.6723051233724198,9378.0,3265.0,6672.0,0.5335275266751031,0.1721341258402842,0.24653241634507644,9378.0,3265.0,6672.0,,,,0.0,0.0,0.0,0.591382907530163,0.15675019451702316,0.5629614050187617,1011.0,443.0,2665.0,0.28065248209486926,0.8163370792795147,0.34686008143600655,1011.0,443.0,2665.0,0.5848223514276132,0.4638770475061015,0.46793262000754954,1011.0,3265.0,6672.0,0.6294230838200556,0.5934515993424756,0.6192182951878795,1011.0,3265.0,6672.0,,0.3569532854810095,0.34337158524355255,0.0,443.0,644.0,0.7191098180115463,0.471993757678475,0.5002438532016611,6054.0,3038.0,6260.0,,0.49801676357709906,0.4946879998572826,0.0,3265.0,3178.0
NOR,norway,34020,0.4372472264169808,34020,0.4840242465996709,34020,0.06414408059386162,3847,0.6167025272319963,13274,0.29769644652781463,13274,0.5422468675585944,18979,0.6565678982771394,18979,0.10798949996768929,1823,0.738467207640263,29555,,0,17042.0,,16978.0,0.20166797605339934,,0.6737145125899732,17042.0,,16978.0,0.7482394686264974,,0.21881304305838903,17042.0,,16978.0,0.06414408059386162,,,3847.0,,0.0,0.5595038986950573,,0.6268397098536231,2001.0,,11273.0,0.32421795073339116,,0.29299610076063326,2001.0,,11273.0,0.6067956944061039,,0.5346392457820938,2001.0,,16978.0,0.6479010646785566,,0.6575893574614193,2001.0,,16978.0,,,0.10798949996768929,0.0,,1823.0,0.7949762544255035,,0.6918246586122739,13347.0,,16208.0,,,,0.0,,0.0
PHL,philippines,12002,0.9522158902160076,12002,0.021244956453803233,12002,0.9720468259754694,2664,,0,,0,,0,,0,,0,0.6044958806130375,7743,,0,12002.0,,,0.9522158902160076,,,12002.0,,,0.021244956453803233,,,12002.0,,,0.9720468259754694,,,2664.0,,,,,,0.0,,,,,,0.0,,,,,,0.0,,,,,,0.0,,,,,,0.0,,,0.6044958806130375,,,7743.0,,,,,,0.0,,
SAU,saudi-arabia,11450,0.8548788255018012,11450,0.07609815246496965,11450,0.9292539816824991,2822,,0,,0,,0,,0,,0,,0,,0,11450.0,,,0.8548788255018012,,,11450.0,,,0.07609815246496965,,,11450.0,,,0.9292539816824991,,,2822.0,,,,,,0.0,,,,,,0.0,,,,,,0.0,,,,,,0.0,,,,,,0.0,,,,,,0.0,,,,,,0.0,,
SGP,singapore,38000,0.9574748561168293,38000,0.0200247297628623,38000,0.9875785052356495,3496,0.575195564222327,12335,0.26055324605982183,12335,0.6425776208982508,21986,0.6982223800411574,21986,0.09640212309121607,1488,0.8254902068732268,32947,,0,18194.0,,19806.0,0.9337622892706819,,0.9792576418394484,18194.0,,19806.0,0.03703392640377661,,0.0043997791555803085,18194.0,,19806.0,0.9875785052356495,,,3496.0,,0.0,0.5211994164409506,,0.586865188450542,2180.0,,10155.0,0.29456385370594607,,0.25320288816743114,2180.0,,10155.0,0.7000719826279436,,0.6362495151705186,2180.0,,19806.0,0.6867937188082995,,0.6994802734142149,2180.0,,19806.0,,,0.09640212309121607,0.0,,1488.0,0.8164159261533737,,0.8319833430467541,13741.0,,19206.0,,,,0.0,,0.0
KOR,south-korea,18526,0.9455872747255077,18526,0.02005449542009855,18526,,0,0.6051953517738821,8680,0.24103856219354272,8680,0.6449969210874146,11192,0.6023004610844361,11192,0.07615454373850278,2510,0.665018103958361,15403,0.7466647309165138,502,8331.0,,10195.0,0.9305214329519991,,0.9578985574932795,8331.0,,10195.0,0.024856981461283647,,0.016130070583427986,8331.0,,10195.0,,,,0.0,,0.0,0.6075075467549148,,0.6048931944033267,997.0,,7683.0,0.24117264222750595,,0.24102104063033608,997.0,,7683.0,0.6597717161985409,,0.6435520490201844,997.0,,10195.0,0.6272285359386105,,0.5998626689678134,997.0,,10195.0,,,0.07615454373850278,0.0,,2510.0,0.7351606703656565,,0.6257417571299542,5525.0,,9878.0,,,0.7466647309165138,0.0,,502.0
ESP,spain,54311,0.921936278484308,54311,0.043055409356758965,54311,0.9290168925279414,3777,0.5713288553159878,14615,0.3218219676132918,14615,0.6033890568144338,35180,0.6522495928394172,35180,0.18475587899743454,2776,0.3799248021612996,44060,0.6069780969392562,13095,21140.0,6056.0,27115.0,0.8954152916180543,0.9126132942526106,0.9446963049668613,21140.0,6056.0,27115.0,0.07024229172069377,0.0379019780399255,0.023010014688181587,21140.0,6056.0,27115.0,0.9290168925279414,,,3777.0,0.0,0.0,0.4611210402760296,0.19823613949757063,0.5992057493437123,2009.0,320.0,12286.0,0.41880784418837436,0.7588674550423268,0.29444481099362113,2009.0,320.0,12286.0,0.720380003552056,0.5732830287195967,0.6014459763707553,2009.0,6056.0,27115.0,0.5790160090687071,0.6465699614186182,0.6589444846330721,2009.0,6056.0,27115.0,,0.30792354053235166,0.16847094258932996,0.0,320.0,2456.0,0.37503818976359243,0.4176823003793899,0.37405969488286184,13196.0,5628.0,25236.0,,0.5934879799683418,0.6185875624102194,0.0,6056.0,7039.0
SWE,sweden,41225,0.22836991202599177,41225,0.7122800811395827,41225,0.06665528866827346,3824,0.5877054224509823,13691,0.33138048933272757,13691,0.5139967353295111,22070,0.6091453628297289,22070,0.17006932721624668,2380,0.4947244531278898,31759,,0,21156.0,,20069.0,0.11010423919479438,,0.3530412247178522,21156.0,,20069.0,0.8597053360005487,,0.5568698119765063,21156.0,,20069.0,0.06665528866827346,,,3824.0,,0.0,0.49981018831072954,,0.6027680136950675,2001.0,,11690.0,0.3883009952155064,,0.3216260319732903,2001.0,,11690.0,0.6141138211469356,,0.5040144597437842,2001.0,,20069.0,0.5961833011787361,,0.6104377583334828,2001.0,,20069.0,,,0.17006932721624668,0.0,,2380.0,0.5558552786125781,,0.4518251422870722,13097.0,,18662.0,,,,0.0,,0.0
TWN,taiwan,11993,0.8373428019978406,11993,0.058427553607609865,11993,0.8621234064247038,2848,,0,,0,,0,,0,,0,0.8866125707334921,7790,,0,11993.0,,,0.8373428019978406,,,11993.0,,,0.058427553607609865,,,11993.0,,,0.8621234064247038,,,2848.0,,,,,,0.0,,,,,,0.0,,,,,,0.0,,,,,,0.0,,,,,,0.0,,,0.8866125707334921,,,7790.0,,,,,,0.0,,
THA,thailand,12085,0.9277596988318345,12085,0.020130214622848815,12085,0.9728267494718172,3405,,0,,0,,0,,0,,0,,0,,0,12085.0,,,0.9277596988318345,,,12085.0,,,0.020130214622848815,,,12085.0,,,0.9728267494718172,,,3405.0,,,,,,0.0,,,,,,0.0,,,,,,0.0,,,,,,0.0,,,,,,0.0,,,,,,0.0,,,,,,0.0,,
ARE,united-arab-emirates,11924,0.917718854211287,11924,0.03914487009889589,11924,0.975211826760673,3124,,0,,0,,0,,0,,0,,0,,0,11924.0,,,0.917718854211287,,,11924.0,,,0.03914487009889589,,,11924.0,,,0.975211826760673,,,3124.0,,,,,,0.0,,,,,,0.0,,,,,,0.0,,,,,,0.0,,,,,,0.0,,,,,,0.0,,,,,,0.0,,
GBR,united-kingdom,64532,0.6352863435115864,64532,0.301699711374033,64532,0.3962260420421438,5528,0.8287389267529655,8476,0.0667100515612118,10756,0.549895053817527,26271,0.7434936918221439,32899,0.3368050276475777,1976,0.36917055630656925,52177,0.46865545978549034,13201,32033.0,6141.0,26358.0,0.5224820929707872,0.6897054645613361,0.759481802691973,32033.0,6141.0,26358.0,0.42243832113238505,0.22523297230073125,0.17302099998018688,32033.0,6141.0,26358.0,0.3962260420421438,,,5528.0,0.0,0.0,0.8016280564027415,0.5313399352801977,0.848230595241084,2654.0,138.0,5684.0,0.0820395280244078,0.0938842833383892,0.059292587834658544,2936.0,448.0,7372.0,0.6101798922879544,0.5429673096015113,0.5440453595067813,2431.0,4370.0,19470.0,0.7093748746651937,0.7371933394257482,0.7487398307515779,2769.0,5592.0,24538.0,,0.3919358999756958,0.3212696968423793,0.0,448.0,1528.0,0.32871493241788047,0.3836687953533112,0.40046759830059175,21424.0,5687.0,25066.0,,0.43795462405343033,0.4954749318455329,0.0,6141.0,7060.0
USA,united-states,33940,0.703157426039981,33940,0.22834880713375494,33940,0.8081087168244269,3471,0.37974806539728856,6274,0.5315550660026253,6274,0.5164467442561749,16958,0.5872594267232654,16958,0.4026271705815787,2732,0.5157403677716725,23813,0.4825162248914993,1010,16982.0,,16958.0,0.6973791058677011,,0.7089439240449177,16982.0,,16958.0,0.2410565439715769,,0.21562308552835258,16982.0,,16958.0,0.8081087168244269,,,3471.0,,0.0,,,0.37974806539728856,0.0,,6274.0,,,0.5315550660026253,0.0,,6274.0,,,0.5164467442561749,0.0,,16958.0,,,0.5872594267232654,0.0,,16958.0,,,0.4026271705815787,0.0,,2732.0,0.39952191579627944,,0.5786729303373839,8373.0,,15440.0,,,0.4825162248914993,0.0,,1010.0
VNM,vietnam,12074,0.902807924559581,12074,0.022678323949807015,12074,0.9364926481699549,3515,,0,,0,,0,,0,,0,0.9592454542844816,8902,,0,12074.0,,,0.902807924559581,,,12074.0,,,0.022678323949807015,,,12074.0,,,0.9364926481699549,,,3515.0,,,,,,0.0,,,,,,0.0,,,,,,0.0,,,,,,0.0,,,,,,0.0,,,0.9592454542844816,,,8902.0,,,,,,0.0,,
