iso_code,location,vaccination_rate,vaccination_rate_2021,non_vaccinated_share,non_vaccinated_share_2021,fully_vaccinated_rate,excess_mortality,deaths_per_million,acute_deaths_per_million,recovery_deaths_per_million,gdp_per_capita,human_development_index,median_age,aged_65_older,population_density,healthcare_capacity,stringency_index,log_gdp_per_capita,log_population_density,location_wvs,trust_generalized,trust_institutions,trust_experts,information_integrity_proxy,wvs_n,trust_density_composite,z_log_gdp_per_capita,z_human_development_index,z_median_age,z_log_population_density,z_healthcare_capacity,z_stringency_index,z_trust_generalized,z_trust_institutions,z_trust_experts,z_trust_density_composite,z_information_integrity_proxy,country_slug,n_behavior,mask_compliance_outside_overall,mask_compliance_outside_n_overall,mask_refusal_outside_overall,mask_refusal_outside_n_overall,mask_days_ratio_overall,mask_days_ratio_n_overall,vaccine_intent_overall,vaccine_intent_n_overall,vaccine_refusal_overall,vaccine_refusal_n_overall,vaccine_side_effect_worry_overall,vaccine_side_effect_worry_n_overall,health_authority_vaccine_trust_overall,health_authority_vaccine_trust_n_overall,government_control_belief_overall,government_control_belief_n_overall,government_handling_good_overall,government_handling_good_n_overall,avoid_others_compliance_overall,avoid_others_compliance_n_overall,n_behavior_phase_acute_2020,n_behavior_phase_early_recovery_2022,n_behavior_phase_vaccine_rollout_2021,mask_compliance_outside_acute_2020,mask_compliance_outside_early_recovery_2022,mask_compliance_outside_vaccine_rollout_2021,mask_compliance_outside_n_acute_2020,mask_compliance_outside_n_early_recovery_2022,mask_compliance_outside_n_vaccine_rollout_2021,mask_refusal_outside_acute_2020,mask_refusal_outside_early_recovery_2022,mask_refusal_outside_vaccine_rollout_2021,mask_refusal_outside_n_acute_2020,mask_refusal_outside_n_early_recovery_2022,mask_refusal_outside_n_vaccine_rollout_2021,mask_days_ratio_acute_2020,mask_days_ratio_early_recovery_2022,mask_days_ratio_vaccine_rollout_2021,mask_days_ratio_n_acute_2020,mask_days_ratio_n_early_recovery_2022,mask_days_ratio_n_vaccine_rollout_2021,vaccine_intent_acute_2020,vaccine_intent_early_recovery_2022,vaccine_intent_vaccine_rollout_2021,vaccine_intent_n_acute_2020,vaccine_intent_n_early_recovery_2022,vaccine_intent_n_vaccine_rollout_2021,vaccine_refusal_acute_2020,vaccine_refusal_early_recovery_2022,vaccine_refusal_vaccine_rollout_2021,vaccine_refusal_n_acute_2020,vaccine_refusal_n_early_recovery_2022,vaccine_refusal_n_vaccine_rollout_2021,vaccine_side_effect_worry_acute_2020,vaccine_side_effect_worry_early_recovery_2022,vaccine_side_effect_worry_vaccine_rollout_2021,vaccine_side_effect_worry_n_acute_2020,vaccine_side_effect_worry_n_early_recovery_2022,vaccine_side_effect_worry_n_vaccine_rollout_2021,health_authority_vaccine_trust_acute_2020,health_authority_vaccine_trust_early_recovery_2022,health_authority_vaccine_trust_vaccine_rollout_2021,health_authority_vaccine_trust_n_acute_2020,health_authority_vaccine_trust_n_early_recovery_2022,health_authority_vaccine_trust_n_vaccine_rollout_2021,government_control_belief_acute_2020,government_control_belief_early_recovery_2022,government_control_belief_vaccine_rollout_2021,government_control_belief_n_acute_2020,government_control_belief_n_early_recovery_2022,government_control_belief_n_vaccine_rollout_2021,government_handling_good_acute_2020,government_handling_good_early_recovery_2022,government_handling_good_vaccine_rollout_2021,government_handling_good_n_acute_2020,government_handling_good_n_early_recovery_2022,government_handling_good_n_vaccine_rollout_2021,avoid_others_compliance_acute_2020,avoid_others_compliance_early_recovery_2022,avoid_others_compliance_vaccine_rollout_2021,avoid_others_compliance_n_acute_2020,avoid_others_compliance_n_early_recovery_2022,avoid_others_compliance_n_vaccine_rollout_2021
AUS,Australia,84.93,78.1,15.069999999999991,21.90000000000001,82.7,1386.02,963.17,90.72,872.4499999999999,44648.71,0.94,37.9,15.5,3.2,3.84,58.97786795048143,10.7065806945099,1.1631508098056809,36,0.5401785714285714,0.519980290711998,0.6018466529415435,0.3296296296296296,1792,0.8315963558811612,0.728865350022571,0.9177834253575682,0.014800865766909796,-1.9619015775012516,0.1812073573499199,0.3099009235798214,1.1643519566610616,-0.14973580103142564,-0.45160083803278933,0.48991840101507994,-1.3014821594069963,australia,53833,0.5526854213381946,53833,0.38293694839322534,53833,0.22303750677145634,3719,0.5626723326836457,17607,0.32696306236537703,17607,0.5481039306322085,34759,0.6356722549605786,34759,0.19217621976722263,5589,0.7036952169763309,44945,0.568583108457323,12877,21190.0,6132.0,26511.0,0.37793033347001154,0.8157096336707641,0.6311994757730729,21190.0,6132.0,26511.0,0.562844783870418,0.10508901901316198,0.303754038223116,21190.0,6132.0,26511.0,0.22303750677145634,,,3719.0,0.0,0.0,0.6188315186128633,0.23304967523324963,0.5649910070601708,2116.0,472.0,15019.0,0.2589000342000508,0.7004986289385856,0.32495562058356875,2116.0,472.0,15019.0,0.5976009184958053,0.49906405355352457,0.555585763657373,2116.0,6132.0,26511.0,0.6679781556840001,0.6299336280042934,0.634437627796063,2116.0,6132.0,26511.0,,0.4304067940829765,0.17064505077858283,0.0,472.0,5117.0,0.8243704099950248,0.5257485737463092,0.6794742663285452,13704.0,5824.0,25417.0,,0.5708144671426423,0.5665317747429873,0.0,6132.0,6745.0
BRA,Brazil,88.08,77.19,11.920000000000002,22.81,81.82,4061.99,3338.54,2940.43,398.1100000000001,14103.45,0.76,33.5,8.55,25.04,2.2,58.93603851444291,9.554174727287846,3.2204745462318978,76,0.0664739884393063,0.3490830329475747,0.6537490868034801,0.3617652690024889,1730,-0.4424558991532709,-0.7120736748010567,-0.7880966369918252,-0.6364372279771118,-0.7727240217713843,-0.4092840380294693,0.3066648051477691,-1.4557435874795228,-1.6140879569381286,0.31908443163511035,-1.5678947243631636,-1.006919524649574,brazil,10308,0.9167095839996453,10308,0.05186802527354778,10308,0.9842459076295905,2336,,0,,0,,0,,0,,0,0.45342363009544917,7233,,0,10308.0,,,0.9167095839996453,,,10308.0,,,0.05186802527354778,,,10308.0,,,0.9842459076295905,,,2336.0,,,,,,0.0,,,,,,0.0,,,,,,0.0,,,,,,0.0,,,,,,0.0,,,0.45342363009544917,,,7233.0,,,,,,0.0,,
CAN,Canada,90.35,82.56,9.650000000000006,17.439999999999998,82.59,1867.99,1424.01,768.93,655.08,44017.59,0.93,41.4,16.98,4.04,2.5,62.939009628610734,10.692344605739844,1.396244691973059,124,0.4950223992035839,0.5249571373264753,0.6072672971627675,0.432843869255019,4018,0.7656126683164811,0.7110649077712401,0.8230123107826028,0.5328311676087453,-1.8271682790205293,-0.3012673193625078,0.6163531450432149,0.914589784442821,-0.10709113741972001,-0.3711111510843805,0.3833434173007846,-0.35539678622422166,canada,48372,0.8312908407543977,48372,0.12221384989045099,48372,0.6257778152627392,3606,0.5336664176085396,13111,0.3821058278192386,13111,0.5168225097978184,33526,0.6403244353689154,33526,0.39315733352827353,2683,0.6553674273902077,43298,0.6255627400802064,12413,16809.0,6492.0,25071.0,0.7225091649423367,0.8762599366289874,0.8925828121209893,16809.0,6492.0,25071.0,0.2167470986004237,0.08078523283405954,0.0695590190772079,16809.0,6492.0,25071.0,0.6257778152627392,,,3606.0,0.0,0.0,0.5657585136587583,0.18107674513558109,0.549449091819221,1963.0,648.0,10500.0,0.3317450598196128,0.7606069967432862,0.3680993690928964,1963.0,648.0,10500.0,0.6208795616908381,0.4841810853510674,0.5171337863964887,1963.0,6492.0,25071.0,0.6333610778508157,0.6194965919424563,0.6462680882395989,1963.0,6492.0,25071.0,,0.49464203930177747,0.3616570813833293,0.0,648.0,2035.0,0.7533717669970421,0.563535060139266,0.6249365019159433,13218.0,6188.0,23892.0,,0.6284413340902235,0.6224015956610164,0.0,6492.0,5921.0
CHN,China,91.89,88.36,8.11,11.64,89.54,,85.82,4.0,81.82,15308.71,0.76,38.7,10.64,147.67,4.34,71.58242090784044,9.636177226447296,4.994980054485683,156,0.6543702226653373,0.7105319109938047,0.7252391464311994,0.5994827775943655,3009,2.0116442812512583,-0.6095398416443673,-0.7880966369918252,0.1332077919021871,0.2529784894921371,0.3612352217948557,1.2850473758420036,1.7959545362592542,1.4830269455529572,1.38062108383378,2.395898395011735,1.1720536349114663,china,15985,0.8690102950129163,15985,0.04549291753634076,15985,0.8920219260769209,2584,,0,,0,,0,,0,,0,,0,,0,15985.0,,,0.8690102950129163,,,15985.0,,,0.04549291753634076,,,15985.0,,,0.8920219260769209,,,2584.0,,,,,,0.0,,,,,,0.0,,,,,,0.0,,,,,,0.0,,,,,,0.0,,,,,,0.0,,,,,,0.0,,
DEU,Germany,77.82,75.27,22.180000000000007,24.730000000000004,76.24,2896.07,2080.95,1399.66,681.2899999999997,45229.24,0.95,46.6,21.45,237.02,8.0,56.83130674002752,10.719499059323862,5.468144525760303,276,0.4595141700404858,0.5732750455373405,0.6499350227420403,0.4091209517514871,1482,0.9659613042965928,0.7450181438528731,1.0125545399325346,1.3024761874880442,0.5264777737545131,1.6790391895317858,0.1438330308097207,0.7181911082394616,0.30692623174728867,0.2624504210308974,0.7069408609239737,-0.5728464844516379,germany,54513,0.8000413809130875,54483,0.12253837278049615,54483,0.8421725609833862,3808,0.5079880130126097,16120,0.3990104642177484,16120,0.5301873672565713,35334,0.6403402846023559,35334,0.2713279125716948,4418,0.502732034448135,44418,0.5820393891513126,13125,21220.0,6183.0,27110.0,0.7365693849149908,0.8335601698715025,0.8420104789474574,21190.0,6183.0,27110.0,0.18993870744085425,0.08129322893333735,0.07926192978373953,21190.0,6183.0,27110.0,0.8421725609833862,,,3808.0,0.0,0.0,0.5017551263831446,0.15039964580445203,0.5305079819398357,2041.0,804.0,13275.0,0.37733930537806104,0.788537799920218,0.3788570577115161,2041.0,804.0,13275.0,0.6379383069161498,0.47562424201338105,0.5345291627435277,2041.0,6183.0,27110.0,0.6472493555290801,0.6220501878525485,0.643995166196277,2041.0,6183.0,27110.0,,0.3501063358285537,0.25389905516535194,0.0,804.0,3614.0,0.6835388422104959,0.39574076080104165,0.4324641545668816,13260.0,5717.0,25441.0,,0.5811975173945394,0.5827902355381797,0.0,6183.0,6942.0
GBR,United Kingdom,79.71,76.71,20.290000000000006,23.290000000000006,75.19,3472.64,3404.43,2583.76,820.6699999999996,39753.24,0.93,40.8,18.52,272.9,2.54,57.67718019257221,10.590446626194726,5.609105427714293,826,0.4670821971172575,0.4754706108336534,0.5996306679126062,0.3252864683919145,2567,0.5518837942828431,0.5836542734518255,0.8230123107826028,0.4440259730072876,0.6079562196943389,-0.286865090206913,0.2092737091980917,0.7600504330884135,-0.5311219422790333,-0.48450540324353586,0.03813459205770429,-1.341292570599193,united-kingdom,64532,0.6352863435115864,64532,0.301699711374033,64532,0.3962260420421438,5528,0.8287389267529655,8476,0.0667100515612118,10756,0.549895053817527,26271,0.7434936918221439,32899,0.3368050276475777,1976,0.36917055630656925,52177,0.46865545978549034,13201,32033.0,6141.0,26358.0,0.5224820929707872,0.6897054645613361,0.759481802691973,32033.0,6141.0,26358.0,0.42243832113238505,0.22523297230073125,0.17302099998018688,32033.0,6141.0,26358.0,0.3962260420421438,,,5528.0,0.0,0.0,0.8016280564027415,0.5313399352801977,0.848230595241084,2654.0,138.0,5684.0,0.0820395280244078,0.0938842833383892,0.059292587834658544,2936.0,448.0,7372.0,0.6101798922879544,0.5429673096015113,0.5440453595067813,2431.0,4370.0,19470.0,0.7093748746651937,0.7371933394257482,0.7487398307515779,2769.0,5592.0,24538.0,,0.3919358999756958,0.3212696968423793,0.0,448.0,1528.0,0.32871493241788047,0.3836687953533112,0.40046759830059175,21424.0,5687.0,25066.0,,0.43795462405343033,0.4954749318455329,0.0,6141.0,7060.0
HKG,Hong Kong,92.41,65.11,7.590000000000003,34.89,90.85,2878.98,,,,56054.92,0.95,44.8,16.3,7039.71,,62.07199714693296,10.934087203416931,8.859322255121807,344,0.3949661181026137,0.5184282496782496,0.5926465038546552,0.4896135265700483,2066,0.4779418285677395,1.013333685322643,1.0125545399325346,1.036060603683671,2.4866517472745544,,0.5492770536946916,0.3611709962571245,-0.16303463720677275,-0.5882113753897518,-0.08129437717299344,0.1649669021707275,hong-kong,7042,0.931994947164279,7042,0.01544551833044753,7042,0.9851971980923981,1726,,0,,0,,0,,0,,0,,0,,0,7042.0,,,0.931994947164279,,,7042.0,,,0.01544551833044753,,,7042.0,,,0.9851971980923981,,,1726.0,,,,,,0.0,,,,,,0.0,,,,,,0.0,,,,,,0.0,,,,,,0.0,,,,,,0.0,,,,,,0.0,,
IDN,Indonesia,74.2,58.47,25.8,41.53,63.51,,581.21,516.64,64.57000000000005,11188.74,0.72,29.3,5.32,145.72,1.04,62.16730398899588,9.32266319442986,4.981686972140363,360,0.0518912160050015,0.6357777777777778,0.7186526684164479,0.5116849243609807,3199,0.4868848255898461,-1.0015497898857082,-1.1671810952916908,-1.2580735901873141,0.2452948007796434,-0.8269486835417204,0.5566504313327865,-1.5364019945298173,0.8424878428792207,1.2828202446965804,-0.06684990161903576,0.36727839224697806,indonesia,12141,0.9259068260338574,12141,0.02157327699138181,12141,0.941308707414442,3065,,0,,0,,0,,0,,0,0.6698829777336243,6624,,0,12141.0,,,0.9259068260338574,,,12141.0,,,0.02157327699138181,,,12141.0,,,0.941308707414442,,,3065.0,,,,,,0.0,,,,,,0.0,,,,,,0.0,,,,,,0.0,,,,,,0.0,,,0.6698829777336243,,,6624.0,,,,,,0.0,,
IND,India,72.5,59.67,27.5,40.33,67.18,,374.36,336.52,37.84000000000003,6426.67,0.64,28.2,5.99,450.42,0.53,66.30649243466301,8.768211798168492,6.110180480812966,356,0.1768585131894484,0.6509374383264259,0.7609301030353661,0.5895959595959596,1668,0.9514450055899184,-1.694821672334239,-1.925350011891421,-1.4208831136233198,0.8975884230908623,-1.0105771052755548,0.8768771733435269,-0.8451985097544094,0.9723850799538347,1.9105864913974482,0.6834945463066047,1.0814287954555821,india,16145,0.9132560813348797,16145,0.0502579254393803,16145,0.9584994943129195,2481,,0,,0,,0,,0,,0,0.7358551945251254,8682,,0,16145.0,,,0.9132560813348797,,,16145.0,,,0.0502579254393803,,,16145.0,,,0.9584994943129195,,,2481.0,,,,,,0.0,,,,,,0.0,,,,,,0.0,,,,,,0.0,,,,,,0.0,,,0.7358551945251254,,,8682.0,,,,,,0.0,,
JPN,Japan,84.47,81.66,15.53,18.340000000000003,83.4,1702.19,597.56,147.1,450.4599999999999,39002.22,0.92,48.2,27.05,347.78,13.05,40.92057771664375,10.57137384656865,5.851570095953923,392,0.3559718969555035,0.5286981258366801,0.5443288040859593,0.5676729559748427,1281,0.2428155098779532,0.5598061563327132,0.7282411962076364,1.5392900397585978,0.7481060349241584,3.4973206204256373,-1.087094477095207,0.14549103717787878,-0.07503606139449798,-1.3056678934217294,-0.4610637491196989,0.8804775203461577,japan,25997,0.9177405904024681,25997,0.04273825004688384,25997,,0,0.5772718519380312,9958,0.2725116799437634,9958,0.6673697526385142,17616,0.6180234498780007,17616,0.07963148742897926,3540,0.23943915898272375,20694,0.6155883951911493,6529,9385.0,3012.0,13600.0,0.8852372059635316,0.9397511323447353,0.9352956279493349,9385.0,3012.0,13600.0,0.06046631094378809,0.03388683746259569,0.03246491204555664,9385.0,3012.0,13600.0,,,,0.0,0.0,0.0,0.505360688100151,0.2474321252188128,0.6024956288013826,1004.0,432.0,8522.0,0.3208366776216425,0.6629083422142474,0.2469876524215464,1004.0,432.0,8522.0,0.7295459182908434,0.6331867594861189,0.6703502162456219,1004.0,3012.0,13600.0,0.5838108723173795,0.6139811683436636,0.6214443895731995,1004.0,3012.0,13600.0,,0.13969861674746975,0.0712787245122108,0.0,432.0,3108.0,0.24125959382655857,0.31959001353335365,0.22164895139149993,5745.0,2609.0,12340.0,,0.6107294969158833,0.6197496125936939,0.0,3012.0,3517.0
KOR,South Korea,86.43,84.84,13.569999999999991,15.159999999999997,85.64,1650.12,693.94,102.35,591.59,35938.37,0.92,43.4,13.91,527.97,12.27,50.62988995873452,10.489560805942332,6.26903946391023,410,0.3293172690763052,0.4923694779116466,0.5409192324854976,0.5038821954484605,1245,0.0805467527671236,0.45750921729297855,0.7282411962076364,0.828848482946937,0.9894123465116336,3.216477151891537,-0.3359372231401733,-0.0019377069062702238,-0.38632212066836935,-1.3562957043514385,-0.7231556506896663,0.2957567909462423,south-korea,18526,0.9455872747255077,18526,0.02005449542009855,18526,,0,0.6051953517738821,8680,0.24103856219354272,8680,0.6449969210874146,11192,0.6023004610844361,11192,0.07615454373850278,2510,0.665018103958361,15403,0.7466647309165138,502,8331.0,,10195.0,0.9305214329519991,,0.9578985574932795,8331.0,,10195.0,0.024856981461283647,,0.016130070583427986,8331.0,,10195.0,,,,0.0,,0.0,0.6075075467549148,,0.6048931944033267,997.0,,7683.0,0.24117264222750595,,0.24102104063033608,997.0,,7683.0,0.6597717161985409,,0.6435520490201844,997.0,,10195.0,0.6272285359386105,,0.5998626689678134,997.0,,10195.0,,,0.07615454373850278,0.0,,2510.0,0.7351606703656565,,0.6257417571299542,5525.0,,9878.0,,,0.7466647309165138,0.0,,502.0
MEX,Mexico,76.22,64.25,23.78,35.75,64.19,5050.47,2601.22,2357.89,243.32999999999996,17336.47,0.78,29.3,6.86,66.44,1.38,53.26266757865936,9.760567654062353,4.196299284745094,484,0.1029919447640966,0.240733295041164,0.5742991255144032,0.330168776371308,1738,-0.9264117183732332,-0.45400522401556404,-0.5985544078418924,-1.2580735901873141,-0.2086762461006267,-0.704529735719164,-0.132253382519228,-1.2537600346839786,-2.5424947340315893,-0.860646657740276,-2.3495664595363057,-1.2965402168208535,mexico,12012,0.9078835170903802,12012,0.05480775837458311,12012,0.9091148745376939,3565,,0,,0,,0,,0,,0,0.4181693222158479,8242,,0,12012.0,,,0.9078835170903802,,,12012.0,,,0.05480775837458311,,,12012.0,,,0.9091148745376939,,,3565.0,,,,,,0.0,,,,,,0.0,,,,,,0.0,,,,,,0.0,,,,,,0.0,,,0.4181693222158479,,,8242.0,,,,,,0.0,,
MYS,Malaysia,82.91,76.72,17.090000000000003,23.28,81.18,1268.92,1076.54,903.11,173.42999999999995,26808.16,0.81,29.9,6.29,96.25,1.9,63.5846492434663,10.196461597766987,4.566948973167894,458,0.1957349581111957,0.5188008130081301,0.6544715447154471,0.4535060975609756,1313,0.2704934124383283,0.09102544402440406,-0.31424106411699315,-1.169268395585857,0.0055672794595857,-0.5173007566964308,0.6663028086287648,-0.7407914784426475,-0.15984228688787966,0.32981201470354776,-0.41635918465099836,-0.16600206657528652,malaysia,12133,0.9283407981788498,12133,0.02264373801098792,12133,0.9491057863365894,3309,,0,,0,,0,,0,,0,0.9479442836543237,8881,,0,12133.0,,,0.9283407981788498,,,12133.0,,,0.02264373801098792,,,12133.0,,,0.9491057863365894,,,3309.0,,,,,,0.0,,,,,,0.0,,,,,,0.0,,,,,,0.0,,,,,,0.0,,,0.9479442836543237,,,8881.0,,,,,,0.0,,
NLD,Netherlands,71.64,70.68,28.36,29.319999999999997,67.0,2956.03,1283.82,1170.66,113.15999999999984,48472.54,0.94,43.2,18.78,508.54,3.32,54.260921595598354,10.788752731014991,6.231543875128394,528,0.6120556414219475,0.4766835843702248,0.6250222935616193,0.4102242302543507,1941,0.9631966583077316,0.8316111683515419,0.9177834253575682,0.7992467514131184,0.9677390863296016,-0.0060216216728132,-0.0550238396415333,1.5619094166862968,-0.5207284436555236,-0.10747198872832199,0.7024754830084116,-0.562733580864937,netherlands,19315,0.5460070685931028,19315,0.3734521811443882,19315,,0,0.5272249018526803,4119,0.3801238988486792,4119,0.4775319577609734,10948,0.6125688607431322,10948,0.34850545414664064,1087,0.5811347039180267,15352,0.4963545399859784,6443,9378.0,3265.0,6672.0,0.3869217260260156,0.7457404176143382,0.6723051233724198,9378.0,3265.0,6672.0,0.5335275266751031,0.1721341258402842,0.24653241634507644,9378.0,3265.0,6672.0,,,,0.0,0.0,0.0,0.591382907530163,0.15675019451702316,0.5629614050187617,1011.0,443.0,2665.0,0.28065248209486926,0.8163370792795147,0.34686008143600655,1011.0,443.0,2665.0,0.5848223514276132,0.4638770475061015,0.46793262000754954,1011.0,3265.0,6672.0,0.6294230838200556,0.5934515993424756,0.6192182951878795,1011.0,3265.0,6672.0,,0.3569532854810095,0.34337158524355255,0.0,443.0,644.0,0.7191098180115463,0.471993757678475,0.5002438532016611,6054.0,3038.0,6260.0,,0.49801676357709906,0.4946879998572826,0.0,3265.0,3178.0
PHL,Philippines,71.55,48.56,28.450000000000003,51.44,67.88,2326.85,586.71,449.26,137.45000000000005,7599.19,0.72,25.2,4.8,351.87,1.0,69.69751031636864,8.935796941647114,5.863261789201523,608,0.0534670008354218,0.659425925925926,0.6909200519384159,0.655,1197,0.4489569424279453,-1.4852774838386558,-1.1671810952916908,-1.8649090866306075,0.7548640861498137,-0.8413509126973152,1.1392219838329982,-1.5276862105560698,1.0451196298191683,0.8710260874934276,-0.12810994450971183,1.680937217916476,philippines,12002,0.9522158902160076,12002,0.021244956453803233,12002,0.9720468259754694,2664,,0,,0,,0,,0,,0,0.6044958806130375,7743,,0,12002.0,,,0.9522158902160076,,,12002.0,,,0.021244956453803233,,,12002.0,,,0.9720468259754694,,,2664.0,,,,,,0.0,,,,,,0.0,,,,,,0.0,,,,,,0.0,,,,,,0.0,,,0.6044958806130375,,,7743.0,,,,,,0.0,,
SGP,Singapore,91.55,86.21,8.450000000000003,13.790000000000006,90.85,1552.29,358.24,145.49,212.75,85535.38,0.94,42.4,12.92,7915.73,2.4,50.55231086657496,11.35668537050235,8.976607198005338,702,0.3398398398398398,0.6508225324027916,0.6480913428766188,0.5292588866532528,1998,0.8946129672033468,1.5417396534383743,0.9177834253575682,0.6808398252778411,2.5544449774953035,-0.337272892251495,-0.3419391001400988,0.05626342046400417,0.9714004957703234,0.23507411497859804,0.5917010472003011,0.5283653579014187,singapore,38000,0.9574748561168293,38000,0.0200247297628623,38000,0.9875785052356495,3496,0.575195564222327,12335,0.26055324605982183,12335,0.6425776208982508,21986,0.6982223800411574,21986,0.09640212309121607,1488,0.8254902068732268,32947,,0,18194.0,,19806.0,0.9337622892706819,,0.9792576418394484,18194.0,,19806.0,0.03703392640377661,,0.0043997791555803085,18194.0,,19806.0,0.9875785052356495,,,3496.0,,0.0,0.5211994164409506,,0.586865188450542,2180.0,,10155.0,0.29456385370594607,,0.25320288816743114,2180.0,,10155.0,0.7000719826279436,,0.6362495151705186,2180.0,,19806.0,0.6867937188082995,,0.6994802734142149,2180.0,,19806.0,,,0.09640212309121607,0.0,,1488.0,0.8164159261533737,,0.8319833430467541,13741.0,,19206.0,,,,0.0,,0.0
THA,Thailand,79.51,71.71,20.489999999999995,28.290000000000006,74.6,2781.71,483.93,300.83,183.1,16277.67,0.78,40.1,11.37,135.13,2.1,51.126098901098906,9.69754950892071,4.9062372780499945,764,0.3136842105263158,0.554097852213693,0.6460905349794238,0.5411904761904761,1425,0.5859524001864432,-0.5328015051780816,-0.5985544078418924,0.3404199126389211,0.2016832479596636,-0.4452896109184564,-0.2975482067772493,-0.0884053251624448,0.14260431836449286,0.2053646570771592,0.09316123960276315,0.6377330418659364,thailand,12085,0.9277596988318345,12085,0.020130214622848815,12085,0.9728267494718172,3405,,0,,0,,0,,0,,0,,0,,0,12085.0,,,0.9277596988318345,,,12085.0,,,0.020130214622848815,,,12085.0,,,0.9728267494718172,,,3405.0,,,,,,0.0,,,,,,0.0,,,,,,0.0,,,,,,0.0,,,,,,0.0,,,,,,0.0,,,,,,0.0,,
TWN,Taiwan,91.65,78.32,8.349999999999994,21.680000000000007,87.02,1506.46,,,,,,42.2,,,,32.954567039106145,,,158,0.3098937040065413,0.4982647406196057,0.5750023206163557,0.3695473251028807,1223,0.1774202322548752,,,0.6512380937440226,,,-1.703381867624848,-0.10937090075351312,-0.33580790663729193,-0.8502051029527106,-0.5666883497581453,-0.9355874150822292,taiwan,11993,0.8373428019978406,11993,0.058427553607609865,11993,0.8621234064247038,2848,,0,,0,,0,,0,,0,0.8866125707334921,7790,,0,11993.0,,,0.8373428019978406,,,11993.0,,,0.058427553607609865,,,11993.0,,,0.8621234064247038,,,2848.0,,,,,,0.0,,,,,,0.0,,,,,,0.0,,,,,,0.0,,,,,,0.0,,,0.8866125707334921,,,7790.0,,,,,,0.0,,
USA,United States,81.39,73.52,18.61,26.480000000000004,69.47,3967.69,3493.55,2379.23,1114.3200000000002,54225.45,0.93,38.3,15.41,35.61,2.77,57.077482806052274,10.900905634415828,3.5726264972896864,840,0.3973714727483571,0.4502596455087764,0.5155918861640932,0.3611971104231166,2587,0.0299760318621266,0.9718442978684781,0.8230123107826028,0.07400432883454792,-0.5691725879402394,-0.2040522725622425,0.1628783486585976,0.3744751930407411,-0.7471449019736981,-1.7323746524332666,-0.8048360470995688,-1.0121273963884287,united-states,33940,0.703157426039981,33940,0.22834880713375494,33940,0.8081087168244269,3471,0.37974806539728856,6274,0.5315550660026253,6274,0.5164467442561749,16958,0.5872594267232654,16958,0.4026271705815787,2732,0.5157403677716725,23813,0.4825162248914993,1010,16982.0,,16958.0,0.6973791058677011,,0.7089439240449177,16982.0,,16958.0,0.2410565439715769,,0.21562308552835258,16982.0,,16958.0,0.8081087168244269,,,3471.0,,0.0,,,0.37974806539728856,0.0,,6274.0,,,0.5315550660026253,0.0,,6274.0,,,0.5164467442561749,0.0,,16958.0,,,0.5872594267232654,0.0,,16958.0,,,0.4026271705815787,0.0,,2732.0,0.39952191579627944,,0.5786729303373839,8373.0,,15440.0,,,0.4825162248914993,0.0,,1010.0
VNM,Vietnam,92.17,78.99,7.829999999999998,21.010000000000005,87.55,,433.44,313.14,120.3,6171.88,0.7,32.6,7.15,308.13,2.6,63.74880330123797,8.72775877064984,5.730521771845822,704,0.2766666666666666,0.720506741050674,0.7205673758865248,0.6616541353383458,1200,1.1973977200241357,-1.7454031060319506,-1.3567233244416237,-0.7696450198792978,0.6781374890704465,-0.2652617464735207,0.6790025249615861,-0.2931521340483816,1.5684973860366445,1.3112512205316746,1.0807504060919326,1.7419305473023858,vietnam,12074,0.902807924559581,12074,0.022678323949807015,12074,0.9364926481699549,3515,,0,,0,,0,,0,,0,0.9592454542844816,8902,,0,12074.0,,,0.902807924559581,,,12074.0,,,0.022678323949807015,,,12074.0,,,0.9364926481699549,,,3515.0,,,,,,0.0,,,,,,0.0,,,,,,0.0,,,,,,0.0,,,,,,0.0,,,0.9592454542844816,,,8902.0,,,,,,0.0,,
